[{"_allAttributes":null,"_properties":null,"_methods":null,"file":"c:/Users/aleya/Documents/Project2-Prod-Final/VA-Claims-Final/force-app/main/default/lwc/appealDetail/appealDetail.js","metadata":{"decorators":[{"type":"api","targets":[{"name":"appealId","type":"property","value":{"type":"unresolved"}}]},{"type":"wire","targets":[{"type":"method","name":"wiredAppeal","static":{},"params":{"appealId":"appealId"},"adapter":{"name":"getAppealDetails","reference":"@salesforce/apex/ClaimsAndAppealsController.getAppealDetails"}},{"type":"method","name":"wiredFiles","static":{},"params":{"recordId":"appealId"},"adapter":{"name":"getFiles","reference":"@salesforce/apex/ClaimsAndAppealsController.getFiles"}}]}],"classMembers":[{"name":"appealId","type":"property","value":{"type":"unresolved"},"decorator":"api","loc":{"start":{"line":7,"column":4},"end":{"line":7,"column":18}}},{"name":"appeal","type":"property","value":{"type":"null","value":null},"loc":{"start":{"line":8,"column":4},"end":{"line":8,"column":18}}},{"name":"files","type":"property","loc":{"start":{"line":9,"column":4},"end":{"line":9,"column":15}}},{"name":"wiredAppeal","type":"method","decorator":"wire","loc":{"start":{"line":12,"column":4},"end":{"line":22,"column":5}}},{"name":"wiredFiles","type":"method","decorator":"wire","loc":{"start":{"line":25,"column":4},"end":{"line":32,"column":5}}},{"name":"handleUploadedFinished","type":"method","loc":{"start":{"line":36,"column":4},"end":{"line":39,"column":5}}},{"name":"showToast","type":"method","loc":{"start":{"line":42,"column":4},"end":{"line":49,"column":5}}}],"declarationLoc":{"start":{"line":6,"column":0},"end":{"line":52,"column":1}},"doc":"","exports":[{"type":"ExportDefaultDeclaration"}]},"updatedAt":"2025-03-07T14:45:11.123Z"},{"_allAttributes":null,"_properties":null,"_methods":null,"file":"c:/Users/aleya/Documents/Project2-Prod-Final/VA-Claims-Final/force-app/main/default/lwc/appealsList/appealsList.js","metadata":{"decorators":[{"type":"wire","targets":[{"type":"method","name":"wiredAppeals","static":{},"params":{},"adapter":{"name":"getVeteranAppeals","reference":"@salesforce/apex/ClaimsAndAppealsController.getVeteranAppeals"}}]}],"classMembers":[{"name":"appeals","type":"property","loc":{"start":{"line":5,"column":4},"end":{"line":5,"column":17}}},{"name":"wiredAppeals","type":"method","decorator":"wire","loc":{"start":{"line":7,"column":4},"end":{"line":14,"column":5}}},{"name":"handleAppealSelect","type":"method","loc":{"start":{"line":16,"column":4},"end":{"line":25,"column":5}}}],"declarationLoc":{"start":{"line":4,"column":0},"end":{"line":26,"column":1}},"doc":"","exports":[{"type":"ExportDefaultDeclaration"}]},"updatedAt":"2025-03-07T14:45:11.092Z"},{"_allAttributes":null,"_properties":null,"_methods":null,"file":"c:/Users/aleya/Documents/Project2-Prod-Final/VA-Claims-Final/force-app/main/default/lwc/appealsSubmissionHeader/appealsSubmissionHeader.js","metadata":{"decorators":[],"classMembers":[{"name":"vaLogoUrl","type":"property","value":{"type":"unresolved"},"loc":{"start":{"line":5,"column":4},"end":{"line":5,"column":24}}}],"declarationLoc":{"start":{"line":4,"column":0},"end":{"line":6,"column":1}},"doc":"","exports":[{"type":"ExportDefaultDeclaration"}]},"updatedAt":"2025-03-07T14:45:11.102Z"},{"_allAttributes":null,"_properties":null,"_methods":null,"file":"c:/Users/aleya/Documents/Project2-Prod-Final/VA-Claims-Final/force-app/main/default/lwc/appealSubmissionFlowContainer/appealSubmissionFlowContainer.js","metadata":{"decorators":[{"type":"api","targets":[{"name":"flowName","type":"property","value":{"type":"string","value":"Appeal_Submission"}}]}],"classMembers":[{"name":"flowName","type":"property","value":{"type":"string","value":"Appeal_Submission"},"decorator":"api","loc":{"start":{"line":4,"column":4},"end":{"line":4,"column":40}}},{"name":"handleStatusChange","type":"method","loc":{"start":{"line":6,"column":4},"end":{"line":10,"column":5}}}],"declarationLoc":{"start":{"line":3,"column":0},"end":{"line":11,"column":1}},"doc":"","exports":[{"type":"ExportDefaultDeclaration"}]},"updatedAt":"2025-03-07T14:45:11.098Z"},{"_allAttributes":null,"_properties":null,"_methods":null,"file":"c:/Users/aleya/Documents/Project2-Prod-Final/VA-Claims-Final/force-app/main/default/lwc/appealSubmissionInstructions/appealSubmissionInstructions.js","metadata":{"decorators":[],"classMembers":[],"declarationLoc":{"start":{"line":3,"column":0},"end":{"line":3,"column":77}},"doc":"","exports":[{"type":"ExportDefaultDeclaration"}]},"updatedAt":"2025-03-07T14:45:11.022Z"},{"_allAttributes":null,"_properties":null,"_methods":null,"file":"c:/Users/aleya/Documents/Project2-Prod-Final/VA-Claims-Final/force-app/main/default/lwc/candidateLocation/candidateLocation.js","metadata":{"decorators":[{"type":"api","targets":[{"name":"recordId","type":"property","value":{"type":"unresolved"}}]},{"type":"wire","targets":[{"type":"method","name":"loadCandidate","static":{"fields":{"type":"array","value":["Candidate__c.First_Name__c","Candidate__c.Last_Name__c","Candidate__c.City__c","Candidate__c.Country__c","Candidate__c.State_Province__c","Candidate__c.Zip_Postal_Code__c"]}},"params":{"recordId":"recordId"},"adapter":{"name":"getRecord","reference":"lightning/uiRecordApi"}}]},{"type":"track","targets":[{"name":"name","type":"property"},{"name":"mapMarkers","type":"property"}]}],"classMembers":[{"name":"recordId","type":"property","value":{"type":"unresolved"},"decorator":"api","loc":{"start":{"line":14,"column":4},"end":{"line":14,"column":18}}},{"name":"name","type":"property","decorator":"track","loc":{"start":{"line":15,"column":4},"end":{"line":15,"column":16}}},{"name":"mapMarkers","type":"property","decorator":"track","loc":{"start":{"line":16,"column":4},"end":{"line":16,"column":27}}},{"name":"loadCandidate","type":"method","decorator":"wire","loc":{"start":{"line":18,"column":4},"end":{"line":38,"column":5}}},{"name":"cardTitle","type":"property","loc":{"start":{"line":40,"column":4},"end":{"line":42,"column":5}}}],"declarationLoc":{"start":{"line":13,"column":0},"end":{"line":43,"column":1}},"doc":"","exports":[{"type":"ExportDefaultDeclaration"}]},"updatedAt":"2025-03-07T14:45:11.024Z"},{"_allAttributes":null,"_properties":null,"_methods":null,"file":"c:/Users/aleya/Documents/Project2-Prod-Final/VA-Claims-Final/force-app/main/default/lwc/certAttempts/certAttempts.js","metadata":{"decorators":[{"type":"api","targets":[{"name":"techIds","type":"property","value":{"type":"unresolved"}}]},{"type":"wire","targets":[{"type":"method","name":"getTechniciansCertAttemptsFunction","static":{},"params":{"techIds":"techIds"},"adapter":{"name":"getTechniciansCertAttempts","reference":"@salesforce/apex/CertCheckerController.getTechniciansCertAttempts"}}]}],"classMembers":[{"name":"techIds","type":"property","value":{"type":"unresolved"},"decorator":"api","loc":{"start":{"line":5,"column":4},"end":{"line":5,"column":17}}},{"name":"cardTitle","type":"property","value":{"type":"string","value":"Certification Attempt Records for Selected Technicians"},"loc":{"start":{"line":6,"column":4},"end":{"line":6,"column":73}}},{"name":"errorMessage","type":"property","loc":{"start":{"line":7,"column":1},"end":{"line":7,"column":14}}},{"name":"rowData","type":"property","loc":{"start":{"line":10,"column":4},"end":{"line":10,"column":17}}},{"name":"colData","type":"property","loc":{"start":{"line":11,"column":4},"end":{"line":15,"column":16}}},{"name":"getTechniciansCertAttemptsFunction","type":"method","decorator":"wire","loc":{"start":{"line":18,"column":4},"end":{"line":34,"column":5}}}],"declarationLoc":{"start":{"line":4,"column":0},"end":{"line":35,"column":1}},"doc":"","exports":[{"type":"ExportDefaultDeclaration"}]},"updatedAt":"2025-03-07T14:45:11.096Z"},{"_allAttributes":null,"_properties":null,"_methods":null,"file":"c:/Users/aleya/Documents/Project2-Prod-Final/VA-Claims-Final/force-app/main/default/lwc/certChecker/certChecker.js","metadata":{"decorators":[{"type":"api","targets":[{"name":"recordId","type":"property","value":{"type":"unresolved"}}]}],"classMembers":[{"name":"recordId","type":"property","value":{"type":"unresolved"},"decorator":"api","loc":{"start":{"line":5,"column":4},"end":{"line":5,"column":18}}},{"name":"techIds","type":"property","loc":{"start":{"line":7,"column":4},"end":{"line":7,"column":17}}},{"name":"handleSelectedIds","type":"method","loc":{"start":{"line":9,"column":4},"end":{"line":11,"column":5}}}],"declarationLoc":{"start":{"line":3,"column":0},"end":{"line":13,"column":1}},"doc":"","exports":[{"type":"ExportDefaultDeclaration"}]},"updatedAt":"2025-03-07T14:45:11.086Z"},{"_allAttributes":null,"_properties":null,"_methods":null,"file":"c:/Users/aleya/Documents/Project2-Prod-Final/VA-Claims-Final/force-app/main/default/lwc/claimDetail/claimDetail.js","metadata":{"decorators":[{"type":"api","targets":[{"name":"claimId","type":"property","value":{"type":"unresolved"}}]},{"type":"wire","targets":[{"type":"method","name":"wireClaim","static":{},"params":{"claimId":"claimId"},"adapter":{"name":"getClaimDetails","reference":"@salesforce/apex/ClaimsAndAppealsController.getClaimDetails"}},{"type":"method","name":"wireFiles","static":{},"params":{"recordId":"claimId"},"adapter":{"name":"getFiles","reference":"@salesforce/apex/ClaimsAndAppealsController.getFiles"}}]}],"classMembers":[{"name":"claimId","type":"property","value":{"type":"unresolved"},"decorator":"api","loc":{"start":{"line":7,"column":4},"end":{"line":7,"column":17}}},{"name":"claim","type":"property","loc":{"start":{"line":8,"column":4},"end":{"line":8,"column":10}}},{"name":"files","type":"property","loc":{"start":{"line":9,"column":4},"end":{"line":9,"column":15}}},{"name":"wireClaim","type":"method","decorator":"wire","loc":{"start":{"line":12,"column":4},"end":{"line":20,"column":5}}},{"name":"wireFiles","type":"method","decorator":"wire","loc":{"start":{"line":23,"column":4},"end":{"line":30,"column":5}}},{"name":"handleUploadFinished","type":"method","loc":{"start":{"line":33,"column":4},"end":{"line":37,"column":5}}},{"name":"showToast","type":"method","loc":{"start":{"line":40,"column":4},"end":{"line":47,"column":5}}}],"declarationLoc":{"start":{"line":6,"column":0},"end":{"line":49,"column":1}},"doc":"","exports":[{"type":"ExportDefaultDeclaration"}]},"updatedAt":"2025-03-07T14:45:11.105Z"},{"_allAttributes":null,"_properties":null,"_methods":null,"file":"c:/Users/aleya/Documents/Project2-Prod-Final/VA-Claims-Final/force-app/main/default/lwc/claimsAndAppealsOverview/claimsAndAppealsOverview.js","metadata":{"decorators":[{"type":"wire","targets":[{"type":"method","name":"wiredClaimsAndAppeals","static":{},"params":{},"adapter":{"name":"getClaimsAndAppealsOverview","reference":"@salesforce/apex/ClaimsAndAppealsController.getClaimsAndAppealsOverview"}}]}],"classMembers":[{"name":"claimsAndAppeals","type":"property","loc":{"start":{"line":6,"column":4},"end":{"line":6,"column":21}}},{"name":"hasClaimsAndAppeals","type":"property","value":{"type":"boolean","value":false},"loc":{"start":{"line":7,"column":4},"end":{"line":7,"column":32}}},{"name":"isLoading","type":"property","value":{"type":"boolean","value":true},"loc":{"start":{"line":8,"column":4},"end":{"line":8,"column":21}}},{"name":"columns","type":"property","loc":{"start":{"line":11,"column":4},"end":{"line":15,"column":6}}},{"name":"wiredClaimsAndAppeals","type":"method","decorator":"wire","loc":{"start":{"line":18,"column":4},"end":{"line":28,"column":5}}},{"name":"handleRowAction","type":"method","loc":{"start":{"line":31,"column":4},"end":{"line":43,"column":5}}}],"declarationLoc":{"start":{"line":5,"column":0},"end":{"line":44,"column":1}},"doc":"","exports":[{"type":"ExportDefaultDeclaration"}]},"updatedAt":"2025-03-07T14:45:11.016Z"},{"_allAttributes":null,"_properties":null,"_methods":null,"file":"c:/Users/aleya/Documents/Project2-Prod-Final/VA-Claims-Final/force-app/main/default/lwc/claimsBarChart/claimsBarChart.js","metadata":{"decorators":[{"type":"wire","targets":[{"type":"method","name":"wiredData","static":{},"params":{},"adapter":{"name":"getClaimStatusCounts","reference":"@salesforce/apex/ClaimsController.getClaimStatusCounts"}}]},{"type":"track","targets":[{"name":"claimData","type":"property"}]}],"classMembers":[{"name":"claimData","type":"property","decorator":"track","loc":{"start":{"line":5,"column":4},"end":{"line":5,"column":26}}},{"name":"statusColors","type":"property","value":{"type":"object","value":{"Received":{"type":"string","value":" #060670"},"Under Review":{"type":"string","value":" #060670"},"Evidence Gathering":{"type":"string","value":" #060670"},"Decision Pending":{"type":"string","value":" #060670"},"Decision Made":{"type":"string","value":" #060670"}}},"loc":{"start":{"line":7,"column":4},"end":{"line":14,"column":6}}},{"name":"wiredData","type":"method","decorator":"wire","loc":{"start":{"line":16,"column":4},"end":{"line":46,"column":5}}}],"declarationLoc":{"start":{"line":4,"column":0},"end":{"line":47,"column":1}},"doc":"","exports":[{"type":"ExportDefaultDeclaration"}]},"updatedAt":"2025-03-07T14:45:11.014Z"},{"_allAttributes":null,"_properties":null,"_methods":null,"file":"c:/Users/aleya/Documents/Project2-Prod-Final/VA-Claims-Final/force-app/main/default/lwc/claimsDataHeader/claimsDataHeader.js","metadata":{"decorators":[],"classMembers":[{"name":"vaLogoUrl","type":"property","value":{"type":"unresolved"},"loc":{"start":{"line":5,"column":8},"end":{"line":5,"column":28}}}],"declarationLoc":{"start":{"line":4,"column":0},"end":{"line":6,"column":1}},"doc":"","exports":[{"type":"ExportDefaultDeclaration"}]},"updatedAt":"2025-03-07T14:45:11.106Z"},{"_allAttributes":null,"_properties":null,"_methods":null,"file":"c:/Users/aleya/Documents/Project2-Prod-Final/VA-Claims-Final/force-app/main/default/lwc/claimsDataPage/claimsDataPage.js","metadata":{"decorators":[],"classMembers":[{"name":"selectedClaimId","type":"property","loc":{"start":{"line":4,"column":4},"end":{"line":4,"column":20}}},{"name":"selectedAppealId","type":"property","loc":{"start":{"line":5,"column":4},"end":{"line":5,"column":21}}},{"name":"handleClaimSelection","type":"method","loc":{"start":{"line":8,"column":4},"end":{"line":10,"column":5}}},{"name":"handleAppealSelection","type":"method","loc":{"start":{"line":13,"column":4},"end":{"line":15,"column":5}}}],"declarationLoc":{"start":{"line":3,"column":0},"end":{"line":16,"column":1}},"doc":"","exports":[{"type":"ExportDefaultDeclaration"}]},"updatedAt":"2025-03-07T14:45:11.000Z"},{"_allAttributes":null,"_properties":null,"_methods":null,"file":"c:/Users/aleya/Documents/Project2-Prod-Final/VA-Claims-Final/force-app/main/default/lwc/claimsList/claimsList.js","metadata":{"decorators":[{"type":"wire","targets":[{"type":"method","name":"wiredClaims","static":{},"params":{},"adapter":{"name":"getVeteranClaims","reference":"@salesforce/apex/ClaimsAndAppealsController.getVeteranClaims"}}]}],"classMembers":[{"name":"claims","type":"property","loc":{"start":{"line":5,"column":4},"end":{"line":5,"column":16}}},{"name":"selectedClaimId","type":"property","loc":{"start":{"line":6,"column":4},"end":{"line":6,"column":20}}},{"name":"wiredClaims","type":"method","decorator":"wire","loc":{"start":{"line":9,"column":4},"end":{"line":16,"column":5}}},{"name":"handleClaimSelect","type":"method","loc":{"start":{"line":19,"column":4},"end":{"line":28,"column":5}}}],"declarationLoc":{"start":{"line":4,"column":0},"end":{"line":30,"column":1}},"doc":"","exports":[{"type":"ExportDefaultDeclaration"}]},"updatedAt":"2025-03-07T14:45:11.099Z"},{"_allAttributes":null,"_properties":null,"_methods":null,"file":"c:/Users/aleya/Documents/Project2-Prod-Final/VA-Claims-Final/force-app/main/default/lwc/claimsSubmissionAssistancePanel/claimsSubmissionAssistancePanel.js","metadata":{"decorators":[{"type":"api","targets":[{"name":"helpText","type":"property","value":{"type":"string","value":""}}]},{"type":"wire","targets":[{"name":"messageContext","type":"property","static":{},"params":{},"adapter":{"name":"MessageContext","reference":"lightning/messageService"}}]}],"classMembers":[{"name":"helpText","type":"property","value":{"type":"string","value":""},"decorator":"api","loc":{"start":{"line":9,"column":4},"end":{"line":10,"column":16}}},{"name":"claimReasonText","type":"property","value":{"type":"string","value":"<p>Describe the conditions that led you want to file a claim with the VA. Make sure this claim is not something that needs to be handled by an outside service, and that there is some condition tying this claim to the services the VA provides for.<br>Be detailed! Our representatives want to give you the best possible chance at your claim being accepted, so giving them all the information they need is essential.</p><br><br>"},"loc":{"start":{"line":12,"column":4},"end":{"line":12,"column":449}}},{"name":"disabilityCompDateText","type":"property","value":{"type":"string","value":"<p>The VA needs to know when your disability began or worsened so they can provide resources to you according to your situation. Please only input the date the disability began if that disability prevented you from earning an income in any way. Otherwise, denote when that disability worsened to the point of preventing you from working.</p><br><br>"},"loc":{"start":{"line":13,"column":4},"end":{"line":13,"column":381}}},{"name":"disabledOr65PlusText","type":"property","value":{"type":"string","value":"<p>In order to file for Pension, you must either be 65 or older or be permanently disabled. If you are over 65, please check the checkbox. Otherwise, fill out the Disability description box to the best of your ability.</p><br><br>"},"loc":{"start":{"line":14,"column":4},"end":{"line":14,"column":260}}},{"name":"incomeCreditText","type":"property","value":{"type":"string","value":"<p>Input your average annual income in USD, and your credit score. This should be formatted like the following:<br><i>$40000; 550</i><br>The VA will base the claim value on your income and credit score. We also use this information to ensure the validity of your claim. If you dont know your credit score, you can check it at this link.</p><br><br>"},"loc":{"start":{"line":15,"column":4},"end":{"line":15,"column":374}}},{"name":"healthStatusText","type":"property","value":{"type":"string","value":"<p>Describe your health to the best of your ability. Include any conditions you have been dealing with that are not labeled as a disability, such as acid reflux or arthritis. Include any medications you currently take, or are perscribed. Include any recent (within the last year) visits to the Doctor's office. Include any visits to the ER within the last 10 years. Any other medical information you feel is relevant should go in this box.</p><br><br>"},"loc":{"start":{"line":16,"column":4},"end":{"line":16,"column":478}}},{"name":"educationTypeText","type":"property","value":{"type":"string","value":"<p>Please give a brief description of the education type you are requesting assistance with. The best way to fill this field is with the name of the course and a short description of what things you might be learning throughout.</p><br><br>"},"loc":{"start":{"line":17,"column":4},"end":{"line":17,"column":266}}},{"name":"educationInstitutionText","type":"property","value":{"type":"string","value":"<p>The name of your institution is requested so that the VA can be sure that the education you are receiving is from a good source. We reccommend you do research on the institution you wish to be educated from before filing a claim to be sure they meet our standards.</p><br><br>"},"loc":{"start":{"line":18,"column":4},"end":{"line":18,"column":313}}},{"name":"housingStatusText","type":"property","value":{"type":"string","value":"<p>We need to know your housing status at the moment to understand what kind of assistance you might need. Please be descriptive in your response.</p>"},"loc":{"start":{"line":19,"column":4},"end":{"line":19,"column":177}}},{"name":"messageContext","type":"property","decorator":"wire","loc":{"start":{"line":21,"column":4},"end":{"line":22,"column":19}}},{"name":"connectedCallback","type":"method","loc":{"start":{"line":24,"column":4},"end":{"line":43,"column":5}}},{"name":"handleDisplayMessage","type":"method","loc":{"start":{"line":45,"column":4},"end":{"line":66,"column":5}}},{"name":"handleFocusMessage","type":"method","loc":{"start":{"line":70,"column":4},"end":{"line":76,"column":5}}},{"name":"handleBlurMessage","type":"method","loc":{"start":{"line":78,"column":4},"end":{"line":84,"column":5}}}],"declarationLoc":{"start":{"line":8,"column":0},"end":{"line":87,"column":1}},"doc":"","exports":[{"type":"ExportDefaultDeclaration"}]},"updatedAt":"2025-03-07T14:45:11.072Z"},{"_allAttributes":null,"_properties":null,"_methods":null,"file":"c:/Users/aleya/Documents/Project2-Prod-Final/VA-Claims-Final/force-app/main/default/lwc/claimsSubmissionHeader/claimsSubmissionHeader.js","metadata":{"decorators":[],"classMembers":[{"name":"vaLogoUrl","type":"property","value":{"type":"unresolved"},"loc":{"start":{"line":5,"column":4},"end":{"line":5,"column":24}}}],"declarationLoc":{"start":{"line":4,"column":0},"end":{"line":6,"column":1}},"doc":"","exports":[{"type":"ExportDefaultDeclaration"}]},"updatedAt":"2025-03-07T14:45:11.118Z"},{"_allAttributes":null,"_properties":null,"_methods":null,"file":"c:/Users/aleya/Documents/Project2-Prod-Final/VA-Claims-Final/force-app/main/default/lwc/claimsSubmissionInputFields/claimsSubmissionInputFields.js","metadata":{"decorators":[{"type":"api","targets":[{"name":"claimType","type":"property","value":{"type":"string","value":"Claim Type"}}]},{"type":"wire","targets":[{"name":"messageContext","type":"property","static":{},"params":{},"adapter":{"name":"MessageContext","reference":"lightning/messageService"}}]},{"type":"track","targets":[{"name":"fieldsList","type":"property"},{"name":"filesToUpload","type":"property"}]}],"classMembers":[{"name":"claimType","type":"property","value":{"type":"string","value":"Claim Type"},"decorator":"api","loc":{"start":{"line":12,"column":4},"end":{"line":13,"column":29}}},{"name":"claimReasonInput","type":"property","loc":{"start":{"line":14,"column":4},"end":{"line":14,"column":21}}},{"name":"displayValue","type":"property","loc":{"start":{"line":15,"column":4},"end":{"line":15,"column":21}}},{"name":"displayDisabilityCompSpecific","type":"property","loc":{"start":{"line":16,"column":4},"end":{"line":16,"column":34}}},{"name":"displayPensionSpecific","type":"property","loc":{"start":{"line":17,"column":4},"end":{"line":17,"column":27}}},{"name":"displayHealthcareBenefitSpecific","type":"property","loc":{"start":{"line":18,"column":4},"end":{"line":18,"column":37}}},{"name":"displayEdAndTrainingSpecific","type":"property","loc":{"start":{"line":19,"column":4},"end":{"line":19,"column":33}}},{"name":"displayHousingAssistSpecific","type":"property","loc":{"start":{"line":20,"column":4},"end":{"line":20,"column":33}}},{"name":"displayIncomeAndCredit","type":"property","loc":{"start":{"line":21,"column":4},"end":{"line":21,"column":27}}},{"name":"cType","type":"property","loc":{"start":{"line":23,"column":4},"end":{"line":23,"column":10}}},{"name":"clReason","type":"property","loc":{"start":{"line":24,"column":4},"end":{"line":24,"column":13}}},{"name":"disabDate","type":"property","loc":{"start":{"line":25,"column":4},"end":{"line":25,"column":14}}},{"name":"olderThan65","type":"property","loc":{"start":{"line":26,"column":4},"end":{"line":26,"column":16}}},{"name":"disabDescription","type":"property","loc":{"start":{"line":27,"column":4},"end":{"line":27,"column":21}}},{"name":"incCred","type":"property","loc":{"start":{"line":28,"column":4},"end":{"line":28,"column":12}}},{"name":"healthStat","type":"property","loc":{"start":{"line":29,"column":4},"end":{"line":29,"column":15}}},{"name":"edType","type":"property","loc":{"start":{"line":30,"column":4},"end":{"line":30,"column":11}}},{"name":"edInstitution","type":"property","loc":{"start":{"line":31,"column":4},"end":{"line":31,"column":18}}},{"name":"houseStat","type":"property","loc":{"start":{"line":32,"column":4},"end":{"line":32,"column":14}}},{"name":"fieldsList","type":"property","decorator":"track","loc":{"start":{"line":34,"column":4},"end":{"line":34,"column":27}}},{"name":"filesToUpload","type":"property","decorator":"track","loc":{"start":{"line":35,"column":4},"end":{"line":35,"column":30}}},{"name":"messageContext","type":"property","decorator":"wire","loc":{"start":{"line":37,"column":4},"end":{"line":38,"column":19}}},{"name":"claimTypeList","type":"property","loc":{"start":{"line":40,"column":4},"end":{"line":48,"column":5}}},{"name":"acceptedFormats","type":"property","loc":{"start":{"line":50,"column":4},"end":{"line":52,"column":5}}},{"name":"handleUploadDone","type":"method","loc":{"start":{"line":54,"column":4},"end":{"line":60,"column":5}}},{"name":"handleChange","type":"method","loc":{"start":{"line":63,"column":4},"end":{"line":104,"column":5}}},{"name":"handleEmphasizeHelp","type":"method","loc":{"start":{"line":106,"column":4},"end":{"line":111,"column":5}}},{"name":"handleRemoveEmphasis","type":"method","loc":{"start":{"line":113,"column":4},"end":{"line":118,"column":5}}},{"name":"handleClick","type":"method","loc":{"start":{"line":120,"column":4},"end":{"line":196,"column":5}}},{"name":"associateFilesWithClaim","type":"method","loc":{"start":{"line":198,"column":4},"end":{"line":216,"column":5}}}],"declarationLoc":{"start":{"line":11,"column":0},"end":{"line":217,"column":1}},"doc":"","exports":[{"type":"ExportDefaultDeclaration"}]},"updatedAt":"2025-03-07T14:45:11.078Z"},{"_allAttributes":null,"_properties":null,"_methods":null,"file":"c:/Users/aleya/Documents/Project2-Prod-Final/VA-Claims-Final/force-app/main/default/lwc/coursesAttended/coursesAttended.js","metadata":{"decorators":[{"type":"api","targets":[{"name":"techIds","type":"property","value":{"type":"unresolved"}}]},{"type":"wire","targets":[{"type":"method","name":"getTechniciansAttendanceFunction","static":{},"params":{"techIds":"techIds"},"adapter":{"name":"getTechniciansAttendance","reference":"@salesforce/apex/CertCheckerController.getTechniciansAttendance"}}]}],"classMembers":[{"name":"techIds","type":"property","value":{"type":"unresolved"},"decorator":"api","loc":{"start":{"line":5,"column":4},"end":{"line":5,"column":17}}},{"name":"cardTitle","type":"property","value":{"type":"string","value":"Courses Attended by Selected Technicians"},"loc":{"start":{"line":6,"column":4},"end":{"line":6,"column":59}}},{"name":"errorMessage","type":"property","loc":{"start":{"line":7,"column":1},"end":{"line":7,"column":14}}},{"name":"rowData","type":"property","loc":{"start":{"line":10,"column":4},"end":{"line":10,"column":17}}},{"name":"colData","type":"property","loc":{"start":{"line":11,"column":4},"end":{"line":15,"column":16}}},{"name":"getTechniciansAttendanceFunction","type":"method","decorator":"wire","loc":{"start":{"line":18,"column":4},"end":{"line":34,"column":5}}}],"declarationLoc":{"start":{"line":4,"column":0},"end":{"line":35,"column":1}},"doc":"","exports":[{"type":"ExportDefaultDeclaration"}]},"updatedAt":"2025-03-07T14:45:11.083Z"},{"_allAttributes":null,"_properties":null,"_methods":null,"file":"c:/Users/aleya/Documents/Project2-Prod-Final/VA-Claims-Final/force-app/main/default/lwc/dashboardHomePage/dashboardHomePage.js","metadata":{"decorators":[{"type":"wire","targets":[{"type":"method","name":"wiredOpenClaims","static":{},"params":{},"adapter":{"name":"getOpenClaims","reference":"@salesforce/apex/ClaimsController.getOpenClaims"}},{"type":"method","name":"wiredOpenAppeals","static":{},"params":{},"adapter":{"name":"getOpenAppeals","reference":"@salesforce/apex/AppealsController.getOpenAppeals"}},{"type":"method","name":"wiredClosedClaims","static":{},"params":{},"adapter":{"name":"getClosedClaims","reference":"@salesforce/apex/ClaimsController.getClosedClaims"}},{"type":"method","name":"wiredClosedAppeals","static":{},"params":{},"adapter":{"name":"getClosedAppeals","reference":"@salesforce/apex/AppealsController.getClosedAppeals"}}]}],"classMembers":[{"name":"openClaimsCount","type":"property","loc":{"start":{"line":10,"column":4},"end":{"line":10,"column":24}}},{"name":"openAppealsCount","type":"property","loc":{"start":{"line":11,"column":4},"end":{"line":11,"column":25}}},{"name":"closedClaimsCount","type":"property","loc":{"start":{"line":12,"column":4},"end":{"line":12,"column":26}}},{"name":"closedAppealsCount","type":"property","loc":{"start":{"line":13,"column":4},"end":{"line":13,"column":27}}},{"name":"hasClaimsOrAppeals","type":"property","value":{"type":"boolean","value":false},"loc":{"start":{"line":14,"column":4},"end":{"line":14,"column":31}}},{"name":"wiredOpenClaims","type":"method","decorator":"wire","loc":{"start":{"line":17,"column":4},"end":{"line":25,"column":5}}},{"name":"wiredOpenAppeals","type":"method","decorator":"wire","loc":{"start":{"line":28,"column":4},"end":{"line":36,"column":5}}},{"name":"wiredClosedClaims","type":"method","decorator":"wire","loc":{"start":{"line":39,"column":4},"end":{"line":47,"column":5}}},{"name":"wiredClosedAppeals","type":"method","decorator":"wire","loc":{"start":{"line":50,"column":4},"end":{"line":58,"column":5}}},{"name":"checkClaimsOrAppeals","type":"method","loc":{"start":{"line":61,"column":4},"end":{"line":63,"column":5}}}],"declarationLoc":{"start":{"line":8,"column":0},"end":{"line":64,"column":1}},"doc":"","exports":[{"type":"ExportDefaultDeclaration"}]},"updatedAt":"2025-03-07T14:45:11.011Z"},{"_allAttributes":null,"_properties":null,"_methods":null,"file":"c:/Users/aleya/Documents/Project2-Prod-Final/VA-Claims-Final/force-app/main/default/lwc/homeDashboardChart/homeDashboardChart.js","metadata":{"decorators":[{"type":"api","targets":[{"name":"open","type":"property","value":{"type":"number","value":0}},{"name":"closed","type":"property","value":{"type":"number","value":0}}]}],"classMembers":[{"name":"open","type":"property","value":{"type":"number","value":0},"decorator":"api","loc":{"start":{"line":4,"column":4},"end":{"line":4,"column":18}}},{"name":"closed","type":"property","value":{"type":"number","value":0},"decorator":"api","loc":{"start":{"line":5,"column":4},"end":{"line":5,"column":20}}},{"name":"openCasesCount","type":"property","loc":{"start":{"line":7,"column":4},"end":{"line":9,"column":5}}},{"name":"closedCasesCount","type":"property","loc":{"start":{"line":11,"column":4},"end":{"line":13,"column":5}}},{"name":"percentage","type":"property","loc":{"start":{"line":17,"column":4},"end":{"line":20,"column":5}}},{"name":"closedPercentage","type":"property","loc":{"start":{"line":21,"column":4},"end":{"line":24,"column":5}}},{"name":"chartSlice","type":"property","loc":{"start":{"line":28,"column":4},"end":{"line":36,"column":5}}}],"declarationLoc":{"start":{"line":3,"column":0},"end":{"line":37,"column":1}},"doc":"","exports":[{"type":"ExportDefaultDeclaration"}]},"updatedAt":"2025-03-07T14:45:11.009Z"},{"_allAttributes":null,"_properties":null,"_methods":null,"file":"c:/Users/aleya/Documents/Project2-Prod-Final/VA-Claims-Final/force-app/main/default/lwc/homePage/homePage.js","metadata":{"decorators":[],"classMembers":[],"declarationLoc":{"start":{"line":3,"column":0},"end":{"line":3,"column":57}},"doc":"","exports":[{"type":"ExportDefaultDeclaration"}]},"updatedAt":"2025-03-07T14:45:11.033Z"},{"_allAttributes":null,"_properties":null,"_methods":null,"file":"c:/Users/aleya/Documents/Project2-Prod-Final/VA-Claims-Final/force-app/main/default/lwc/homePageFooter/homePageFooter.js","metadata":{"decorators":[],"classMembers":[],"declarationLoc":{"start":{"line":3,"column":0},"end":{"line":3,"column":63}},"doc":"","exports":[{"type":"ExportDefaultDeclaration"}]},"updatedAt":"2025-03-07T14:45:11.031Z"},{"_allAttributes":null,"_properties":null,"_methods":null,"file":"c:/Users/aleya/Documents/Project2-Prod-Final/VA-Claims-Final/force-app/main/default/lwc/homePageHeader/homePageHeader.js","metadata":{"decorators":[],"classMembers":[{"name":"vaLogoUrl","type":"property","value":{"type":"unresolved"},"loc":{"start":{"line":5,"column":4},"end":{"line":5,"column":24}}}],"declarationLoc":{"start":{"line":4,"column":0},"end":{"line":6,"column":1}},"doc":"","exports":[{"type":"ExportDefaultDeclaration"}]},"updatedAt":"2025-03-07T14:45:11.029Z"},{"_allAttributes":null,"_properties":null,"_methods":null,"file":"c:/Users/aleya/Documents/Project2-Prod-Final/VA-Claims-Final/force-app/main/default/lwc/lwcFieldSelector/lwcFieldSelector.js","metadata":{"decorators":[{"type":"api","targets":[{"name":"objectToUse","type":"property","value":{"type":"unresolved"}}]},{"type":"wire","targets":[{"type":"method","name":"wiredFields","static":{},"params":{"objectName":"objectToUse"},"adapter":{"name":"getObjectFields","reference":"@salesforce/apex/DynamicObjectSearchController.getObjectFields"}}]}],"classMembers":[{"name":"objectToUse","type":"property","value":{"type":"unresolved"},"decorator":"api","loc":{"start":{"line":6,"column":4},"end":{"line":7,"column":16}}},{"name":"allFieldsList","type":"property","loc":{"start":{"line":8,"column":4},"end":{"line":8,"column":23}}},{"name":"selectedFieldsList","type":"property","loc":{"start":{"line":9,"column":4},"end":{"line":9,"column":28}}},{"name":"errorMessage","type":"property","loc":{"start":{"line":10,"column":4},"end":{"line":10,"column":17}}},{"name":"disableButton","type":"property","value":{"type":"boolean","value":true},"loc":{"start":{"line":11,"column":4},"end":{"line":11,"column":25}}},{"name":"wiredFields","type":"method","decorator":"wire","loc":{"start":{"line":14,"column":4},"end":{"line":30,"column":5}}},{"name":"handleSelections","type":"method","loc":{"start":{"line":33,"column":4},"end":{"line":45,"column":5}}},{"name":"handleSubmit","type":"method","loc":{"start":{"line":48,"column":4},"end":{"line":59,"column":5}}}],"declarationLoc":{"start":{"line":4,"column":0},"end":{"line":60,"column":1}},"doc":"","exports":[{"type":"ExportDefaultDeclaration"}]},"updatedAt":"2025-03-07T14:45:11.081Z"},{"_allAttributes":null,"_properties":null,"_methods":null,"file":"c:/Users/aleya/Documents/Project2-Prod-Final/VA-Claims-Final/force-app/main/default/lwc/lwcObjectSelector/lwcObjectSelector.js","metadata":{"decorators":[{"type":"wire","targets":[{"name":"messageContext","type":"property","static":{},"params":{},"adapter":{"name":"MessageContext","reference":"lightning/messageService"}}]}],"classMembers":[{"name":"objectSelected","type":"property","value":{"type":"boolean","value":false},"loc":{"start":{"line":7,"column":4},"end":{"line":7,"column":27}}},{"name":"selectedObject","type":"property","loc":{"start":{"line":8,"column":4},"end":{"line":8,"column":19}}},{"name":"objectsList","type":"property","loc":{"start":{"line":9,"column":4},"end":{"line":13,"column":6}}},{"name":"messageContext","type":"property","decorator":"wire","loc":{"start":{"line":15,"column":4},"end":{"line":16,"column":19}}},{"name":"handleSelection","type":"method","loc":{"start":{"line":19,"column":4},"end":{"line":22,"column":5}}},{"name":"handleFields","type":"method","loc":{"start":{"line":25,"column":4},"end":{"line":35,"column":5}}}],"declarationLoc":{"start":{"line":5,"column":0},"end":{"line":36,"column":1}},"doc":"","exports":[{"type":"ExportDefaultDeclaration"}]},"updatedAt":"2025-03-07T14:45:11.094Z"},{"_allAttributes":null,"_properties":null,"_methods":null,"file":"c:/Users/aleya/Documents/Project2-Prod-Final/VA-Claims-Final/force-app/main/default/lwc/lwcSearchResults/lwcSearchResults.js","metadata":{"decorators":[{"type":"wire","targets":[{"name":"messageContext","type":"property","static":{},"params":{},"adapter":{"name":"MessageContext","reference":"lightning/messageService"}},{"type":"method","name":"wiredRecords","static":{},"params":{"objectName":"selectedObject","fieldNames":"selectedFields"},"adapter":{"name":"getRecords","reference":"@salesforce/apex/DynamicObjectSearchController.getRecords"}}]}],"classMembers":[{"name":"subscription","type":"property","value":{"type":"null","value":null},"loc":{"start":{"line":8,"column":4},"end":{"line":8,"column":24}}},{"name":"selectedObject","type":"property","loc":{"start":{"line":9,"column":4},"end":{"line":9,"column":19}}},{"name":"selectedFields","type":"property","loc":{"start":{"line":10,"column":4},"end":{"line":10,"column":19}}},{"name":"errorMessage","type":"property","loc":{"start":{"line":11,"column":4},"end":{"line":11,"column":17}}},{"name":"toggleTable","type":"property","value":{"type":"boolean","value":false},"loc":{"start":{"line":12,"column":4},"end":{"line":12,"column":24}}},{"name":"tableRowData","type":"property","loc":{"start":{"line":14,"column":4},"end":{"line":14,"column":22}}},{"name":"tableColData","type":"property","loc":{"start":{"line":15,"column":4},"end":{"line":15,"column":22}}},{"name":"messageContext","type":"property","decorator":"wire","loc":{"start":{"line":17,"column":4},"end":{"line":18,"column":19}}},{"name":"wiredRecords","type":"method","decorator":"wire","loc":{"start":{"line":21,"column":4},"end":{"line":38,"column":5}}},{"name":"connectedCallback","type":"method","loc":{"start":{"line":41,"column":4},"end":{"line":49,"column":5}}},{"name":"handleMessage","type":"method","loc":{"start":{"line":52,"column":4},"end":{"line":64,"column":5}}}],"declarationLoc":{"start":{"line":6,"column":0},"end":{"line":65,"column":1}},"doc":"","exports":[{"type":"ExportDefaultDeclaration"}]},"updatedAt":"2025-03-07T14:45:11.088Z"},{"_allAttributes":null,"_properties":null,"_methods":null,"file":"c:/Users/aleya/Documents/Project2-Prod-Final/VA-Claims-Final/force-app/main/default/lwc/notificationConsoleLwc/notificationConsoleLwc.js","metadata":{"decorators":[{"type":"track","targets":[{"name":"notifications","type":"property"}]}],"classMembers":[{"name":"channel","type":"property","value":{"type":"string","value":"/event/Notification__e"},"loc":{"start":{"line":6,"column":4},"end":{"line":6,"column":39}}},{"name":"subscription","type":"property","value":{"type":"object","value":{}},"loc":{"start":{"line":7,"column":4},"end":{"line":7,"column":22}}},{"name":"notifications","type":"property","decorator":"track","loc":{"start":{"line":8,"column":4},"end":{"line":8,"column":30}}},{"name":"isMuted","type":"property","value":{"type":"boolean","value":false},"loc":{"start":{"line":9,"column":4},"end":{"line":9,"column":20}}},{"name":"connectedCallback","type":"method","loc":{"start":{"line":11,"column":4},"end":{"line":14,"column":5}}},{"name":"disconnectedCallback","type":"method","loc":{"start":{"line":16,"column":4},"end":{"line":18,"column":5}}},{"name":"handleSubscribe","type":"method","loc":{"start":{"line":21,"column":4},"end":{"line":42,"column":5}}},{"name":"handleUnsubscribe","type":"method","loc":{"start":{"line":45,"column":4},"end":{"line":49,"column":5}}},{"name":"registerErrorListener","type":"method","loc":{"start":{"line":52,"column":4},"end":{"line":56,"column":5}}},{"name":"onReceiveNotification","type":"method","loc":{"start":{"line":59,"column":4},"end":{"line":77,"column":5}}},{"name":"onClear","type":"method","loc":{"start":{"line":80,"column":4},"end":{"line":82,"column":5}}},{"name":"onToggleMute","type":"method","loc":{"start":{"line":85,"column":4},"end":{"line":92,"column":5}}},{"name":"mutedIcon","type":"property","loc":{"start":{"line":94,"column":4},"end":{"line":96,"column":5}}},{"name":"mutedTitle","type":"property","loc":{"start":{"line":98,"column":4},"end":{"line":100,"column":5}}}],"declarationLoc":{"start":{"line":5,"column":0},"end":{"line":101,"column":1}},"doc":"","exports":[{"type":"ExportDefaultDeclaration"}]},"updatedAt":"2025-03-07T14:45:11.003Z"},{"_allAttributes":null,"_properties":null,"_methods":null,"file":"c:/Users/aleya/Documents/Project2-Prod-Final/VA-Claims-Final/force-app/main/default/lwc/personalInfoPageHeader/personalInfoPageHeader.js","metadata":{"decorators":[],"classMembers":[{"name":"vaLogoUrl","type":"property","value":{"type":"unresolved"},"loc":{"start":{"line":5,"column":4},"end":{"line":5,"column":24}}}],"declarationLoc":{"start":{"line":4,"column":0},"end":{"line":6,"column":1}},"doc":"","exports":[{"type":"ExportDefaultDeclaration"}]},"updatedAt":"2025-03-07T14:45:11.085Z"},{"_allAttributes":null,"_properties":null,"_methods":null,"file":"c:/Users/aleya/Documents/Project2-Prod-Final/VA-Claims-Final/force-app/main/default/lwc/quickLinks/quickLinks.js","metadata":{"decorators":[],"classMembers":[{"name":"links","type":"property","loc":{"start":{"line":6,"column":4},"end":{"line":12,"column":6}}},{"name":"navigate","type":"method","loc":{"start":{"line":15,"column":4},"end":{"line":43,"column":5}}}],"declarationLoc":{"start":{"line":4,"column":0},"end":{"line":44,"column":1}},"doc":"","exports":[{"type":"ExportDefaultDeclaration"}]},"updatedAt":"2025-03-07T14:45:11.026Z"},{"_allAttributes":null,"_properties":null,"_methods":null,"file":"c:/Users/aleya/Documents/Project2-Prod-Final/VA-Claims-Final/force-app/main/default/lwc/registrationButton/registrationButton.js","metadata":{"decorators":[],"classMembers":[{"name":"isModalOpen","type":"property","value":{"type":"boolean","value":false},"loc":{"start":{"line":4,"column":4},"end":{"line":4,"column":24}}},{"name":"handleClick","type":"method","loc":{"start":{"line":7,"column":4},"end":{"line":9,"column":5}}},{"name":"handleStatusChange","type":"method","loc":{"start":{"line":12,"column":4},"end":{"line":16,"column":5}}}],"declarationLoc":{"start":{"line":3,"column":0},"end":{"line":17,"column":1}},"doc":"","exports":[{"type":"ExportDefaultDeclaration"}]},"updatedAt":"2025-03-07T14:45:11.006Z"},{"_allAttributes":null,"_properties":null,"_methods":null,"file":"c:/Users/aleya/Documents/Project2-Prod-Final/VA-Claims-Final/force-app/main/default/lwc/techsCertsHeld/techsCertsHeld.js","metadata":{"decorators":[{"type":"api","targets":[{"name":"accountId","type":"property","value":{"type":"unresolved"}}]},{"type":"wire","targets":[{"type":"method","name":"wiredAccount","static":{"fields":{"type":"array","value":[null]}},"params":{"recordId":"accountId"},"adapter":{"name":"getRecord","reference":"lightning/uiRecordApi"}},{"type":"method","name":"wiredCertHeldRecords","static":{},"params":{"acctId":"accountId"},"adapter":{"name":"getCertsHeld","reference":"@salesforce/apex/CertCheckerController.getCertsHeld"}}]}],"classMembers":[{"name":"accountId","type":"property","value":{"type":"unresolved"},"decorator":"api","loc":{"start":{"line":11,"column":4},"end":{"line":11,"column":19}}},{"name":"cardTitle","type":"property","value":{"type":"string","value":"Awaiting Account Id"},"loc":{"start":{"line":13,"column":4},"end":{"line":13,"column":38}}},{"name":"errorMessage","type":"property","loc":{"start":{"line":14,"column":4},"end":{"line":14,"column":17}}},{"name":"wiredResult","type":"property","loc":{"start":{"line":15,"column":4},"end":{"line":15,"column":16}}},{"name":"disabledDeleteButton","type":"property","value":{"type":"boolean","value":true},"loc":{"start":{"line":16,"column":4},"end":{"line":16,"column":30}}},{"name":"rowData","type":"property","loc":{"start":{"line":17,"column":4},"end":{"line":17,"column":17}}},{"name":"colData","type":"property","loc":{"start":{"line":18,"column":4},"end":{"line":22,"column":6}}},{"name":"wiredAccount","type":"method","decorator":"wire","loc":{"start":{"line":25,"column":4},"end":{"line":34,"column":5}}},{"name":"wiredCertHeldRecords","type":"method","decorator":"wire","loc":{"start":{"line":36,"column":4},"end":{"line":56,"column":5}}},{"name":"handleSelections","type":"method","loc":{"start":{"line":58,"column":4},"end":{"line":77,"column":5}}},{"name":"handleDelete","type":"method","loc":{"start":{"line":79,"column":4},"end":{"line":90,"column":5}}}],"declarationLoc":{"start":{"line":9,"column":0},"end":{"line":91,"column":1}},"doc":"","exports":[{"type":"ExportDefaultDeclaration"}]},"updatedAt":"2025-03-07T14:45:11.091Z"},{"_allAttributes":null,"_properties":null,"_methods":null,"file":"c:/Users/aleya/Documents/Project2-Prod-Final/VA-Claims-Final/force-app/main/default/lwc/trialExpirationLwc/trialExpirationLwc.js","metadata":{"decorators":[{"type":"wire","targets":[{"type":"method","name":"wiredDaysLeft","static":{},"params":{},"adapter":{"name":"getExpirationDaysLeft","reference":"@salesforce/apex/TrialExpirationController.getExpirationDaysLeft"}}]}],"classMembers":[{"name":"daysLeftString","type":"property","loc":{"start":{"line":5,"column":5},"end":{"line":5,"column":20}}},{"name":"errors","type":"property","loc":{"start":{"line":6,"column":2},"end":{"line":6,"column":9}}},{"name":"wiredDaysLeft","type":"method","decorator":"wire","loc":{"start":{"line":9,"column":4},"end":{"line":17,"column":5}}}],"declarationLoc":{"start":{"line":4,"column":0},"end":{"line":18,"column":1}},"doc":"","exports":[{"type":"ExportDefaultDeclaration"}]},"updatedAt":"2025-03-07T14:45:11.018Z"}]